{"Decision Tree": {"Accuracy": 0.9886363636363636, "Precision": 0.9877344877344876, "Recall": 0.9894511476319257, "F1 Score": 0.9883519257292412}, "KNN": {"Accuracy": 0.9704545454545455, "Precision": 0.971934196072127, "Recall": 0.9710909015155887, "F1 Score": 0.9695327865360642}, "Na\u00efve Bayes": {"Accuracy": 0.9954545454545455, "Precision": 0.9963636363636365, "Recall": 0.9952153110047847, "F1 Score": 0.9955808080808081}}